region,country,topic,name,url,language,source_type,perspective,channel,platform,is_dataset,accuracy,uniqueness,timeliness,transparency,verifiability,accessibility,depth,composite,notes
Global,Global,Economic,CEPII Network Trade Dataset,https://www.cepii.fr/cepii/en/bdd_modele/bdd_modele_item.asp?id=27,EN,Global trade network dataset,Academic,Website,Network,yes,5,5,3,5,5,5,4,4.6,Ready-to-use World Trade Network dataset in CSV and Stata formats. Nodes are countries; directed weighted edges are bilateral import/export flows. Includes network-analysis-oriented variables and topology. [220]
Global,Global,Economic,UN Comtrade Bilateral Trade Network,https://comtradeplus.un.org,EN,Global merchandise trade dataset,International official,Website,Network,yes,5,5,4,5,5,5,3,4.6,"Network-ready bilateral merchandise trade data. Nodes are reporting and partner economies; directed weighted edges are trade value or quantity, optionally disaggregated by HS/SITC commodity, year, transport mode, and trade flow."
Global,Global,Economic,CEPII BACI,https://www.cepii.fr/CEPII/en/bdd_modele/presentation.asp?id=37,EN,Harmonized bilateral trade network dataset,Academic,Website,Network,yes,5,5,3,5,5,5,4,4.6,Research-grade reconciled bilateral trade network derived from UN Comtrade. Nodes are countries; weighted directed edges are harmonized product-level exports. Better suited than raw Comtrade for comparative trade-network modeling.
Global,Global,Economic,UNCTAD-Eora Global Value Chain Database,https://worldmrio.com,EN,Global input-output network dataset,Academic,Website,Network,yes,5,5,3,5,5,3,5,4.4,"Multi-region input-output network linking country-sector nodes through intermediate and final-demand flows. Use for supply-chain exposure, dependency, value-added trade, sanctions spillovers, and geoeconomic network analysis; access conditions vary."
Global,Global,Economic,OECD Inter-Country Input-Output Tables ICIO,https://www.oecd.org/sti/ind/inter-country-input-output-tables.htm,EN,Global value-chain network dataset,International official,Website,Network,yes,5,5,3,5,5,5,5,4.6,"Country-sector input-output network for global value chains. Nodes are country-industry sectors; directed weighted links are intermediate inputs, final demand, value added, and production dependencies."
Global,Global,Economic,Asian Development Bank Multi-Regional Input-Output Database,https://kidb.adb.org/mrio,EN,Asia-centered global value-chain dataset,International official,Website,Network,yes,5,5,3,5,5,5,5,4.6,"Multi-regional input-output network with strong Asian coverage. Useful for country-sector supply-chain dependence, production exposure, trade shocks, industrial policy, and regional economic networks."
Global,Global,Economic,World Input-Output Database WIOD,https://www.rug.nl/ggdc/valuechain/wiod,EN,Global value-chain network dataset,Academic,Website,Network,yes,5,5,2,5,5,5,5,4.4,"Historical world input-output tables linking country-sector nodes through production, intermediate goods, final demand, labor, capital, emissions, and value-added flows."
Global,Global,Economic,International Monetary Fund Direction of Trade Statistics DOTS,https://data.imf.org,EN,Global bilateral trade network dataset,International official,Website,Network,yes,5,5,4,5,5,4,2,4.4,"Bilateral country trade network with directed weighted import/export edges. Useful for macro-level dependency, trade concentration, sanctions, supply-chain, and geopolitical bloc analysis."
Global,Global,Economic,World Bank Global Bilateral Migration Database,https://www.worldbank.org/en/topic/migrationremittancesdiasporaissues/brief/migration-remittances-data,EN,Global migration network dataset,International official,Website,Network,yes,5,5,2,5,5,5,3,4.3,"Bilateral migrant-stock network. Nodes are origin and destination countries; directed weighted edges represent migrant stocks by origin, destination, sex, age, and historical period where available."
Global,Global,Economic,UN DESA International Migrant Stock,https://www.un.org/development/desa/pd/content/international-migrant-stock,EN,Global migration network dataset,International official,Website,Network,yes,5,5,2,5,5,5,3,4.3,"Global origin-destination migration-stock matrix. Build directed weighted networks by migrant origin, destination, age, sex, and time period; periodic rather than real-time."
Global,Global,Economic,Global Bilateral Migration Database Özden et al.,https://www.worldbank.org/en/topic/migrationremittancesdiasporaissues/brief/migration-remittances-data,EN,Historical migration network dataset,Academic,Website,Network,yes,5,5,1,5,5,5,4,4.3,"Long-run bilateral migration matrix suitable for historical network analysis of diaspora, migration systems, colonial legacies, regional blocs, and demographic ties."
Global,Global,Economic,World Bank Bilateral Remittance Matrix,https://www.worldbank.org/en/topic/migrationremittancesdiasporaissues/brief/migration-remittances-data,EN,Global remittance network dataset,International official,Website,Network,yes,4,5,3,5,5,5,3,4.3,Estimated country-to-country remittance network. Nodes are origin and destination economies; directed weighted edges are remittance flows. Model-based estimates should be treated as approximations.
Global,Global,Economic,UNCTAD Bilateral FDI Statistics,https://unctadstat.unctad.org,EN,Global foreign-investment network dataset,International official,Website,Network,yes,5,5,3,5,5,5,3,4.4,"Bilateral foreign direct investment network. Nodes are investor and host economies; directed weighted edges are inward/outward FDI stocks and flows, allowing analysis of investment hubs and offshore pathways."
Global,Global,Economic,IMF Coordinated Direct Investment Survey CDIS,https://data.imf.org,EN,Global FDI network dataset,International official,Website,Network,yes,5,5,3,5,5,4,3,4.3,Official bilateral direct-investment position network. Nodes are reporting and counterpart economies; weighted directed edges record direct investment assets and liabilities.
Global,Global,Economic,IMF Coordinated Portfolio Investment Survey CPIS,https://data.imf.org,EN,Global portfolio investment network dataset,International official,Website,Network,yes,5,5,3,5,5,4,3,4.3,"Official portfolio investment network covering cross-border debt and equity holdings. Useful for financial contagion, exposure, offshore centers, sanctions, and systemic-risk studies."
Global,Global,Economic,Bank for International Settlements Locational Banking Statistics,https://www.bis.org/statistics/bankstats.htm,EN,Global banking exposure network dataset,International official,Website,Network,yes,5,5,4,5,5,4,3,4.3,"Cross-border banking network. Nodes are reporting banking systems and counterpart countries; directed weighted edges represent international claims, liabilities, currencies, sectors, and maturity exposures."
Global,Global,Economic,Bank for International Settlements Consolidated Banking Statistics,https://www.bis.org/statistics/consstats.htm,EN,Global banking exposure network dataset,International official,Website,Network,yes,5,5,4,5,5,4,4,4.4,"Banking-system exposure network showing ultimate-risk and immediate-borrower country relationships. Useful for financial contagion, sovereign exposure, sanctions risk, and geopolitical financial dependencies."
Global,Global,Economic,OpenSanctions,https://www.opensanctions.org,EN,Global sanctions and entity graph,Independent,Website,Network,yes,4,5,5,5,5,5,4,4.7,"Entity-resolution dataset linking persons, companies, vessels, organizations, sanctions lists, politically exposed persons, ownership, control, family, affiliation, and identifiers. Requires entity-resolution validation before analytic use."
Global,Global,Economic,Open Ownership Register,https://register.openownership.org,EN,Global beneficial-ownership network dataset,Independent,Website,Network,yes,4,5,4,5,5,5,4,4.6,Beneficial ownership and company-control network data from participating jurisdictions. Nodes are companies and persons; edges represent beneficial ownership or control. Coverage is jurisdiction-specific and incomplete.
Global,Global,Economic,OpenCorporates,https://opencorporates.com,EN,Global corporate network dataset,Independent,Website,Network,yes,4,5,5,4,4,5,3,4.3,Global corporate-register aggregation. Build company-officer-jurisdiction networks from legal-entity records; verify registry provenance and completeness by jurisdiction.
Global,Global,Economic,Open Supply Hub,https://opensupplyhub.org,EN,Global supply-chain network dataset,Independent,Website,Network,yes,4,5,5,5,4,5,3,4.4,"Open facility-level supply-chain data. Nodes can include facilities, parent companies, brands, sectors, and locations; edges require joining facility and ownership/brand data."
Global,Global,Economic,TradeMap International Trade Centre,https://www.trademap.org,EN,Global trade network dataset,International official,Website,Network,yes,5,5,4,5,5,3,3,4.3,Bilateral country-product trade network with detailed market-access and partner analysis. Strong for export concentration and product-market network work; some functions require registration.
Global,Global,Economic,Global Energy Monitor Global Coal Plant Tracker,https://globalenergymonitor.org/projects/global-coal-plant-tracker,EN,Global energy infrastructure network,Independent,Website,Network,yes,5,5,4,5,5,5,4,4.7,"Facility-level coal infrastructure dataset. Model nodes as plants, companies, parent entities, financiers, ports, grids, and jurisdictions; use for ownership, energy-security, climate, and supply-chain networks."
Global,Global,Economic,Global Energy Monitor Global Gas Infrastructure Tracker,https://globalenergymonitor.org/projects/global-gas-infrastructure-tracker,EN,Global gas infrastructure network,Independent,Website,Network,yes,5,5,4,5,5,5,4,4.7,"Facility-level gas pipeline, LNG terminal, processing, storage, power, company, and country data. Suitable for physical energy-flow and ownership network analysis."
Global,Global,Economic,Global Energy Monitor Global Oil Infrastructure Tracker,https://globalenergymonitor.org/projects/global-oil-infrastructure-tracker,EN,Global oil infrastructure network,Independent,Website,Network,yes,5,5,4,5,5,5,4,4.7,"Facility-level oil pipelines, refineries, terminals, fields, companies, and country data. Use for energy security, supply chain, sanctions, ownership, and chokepoint network analysis."
Global,Global,Economic,World Nuclear Industry Status Report Reactor Database,https://www.worldnuclearreport.org,EN,Global nuclear infrastructure network,Independent,Website,Network,yes,4,5,3,5,5,5,4,4.4,"Reactor, operator, vendor, country, status, capacity, construction, and shutdown data. Construct country-company-reactor-vendor networks for nuclear supply-chain analysis."
Global,Global,Security,Correlates of War Formal Alliances Dataset,https://correlatesofwar.org/data-sets/formal-alliances,EN,Global alliance network dataset,Academic,Website,Network,yes,5,5,2,5,5,5,5,4.4,"Ready network source for formal inter-state alliance relationships from 1816 onward. Nodes are states; edges are defense pacts, neutrality/non-aggression pacts, ententes, and alliance commitments."
Global,Global,Security,Correlates of War Militarized Interstate Disputes MID Dataset,https://correlatesofwar.org/data-sets/MIDs,EN,Global conflict network dataset,Academic,Website,Network,yes,5,5,2,5,5,5,5,4.4,"Dyadic and multi-actor interstate dispute data. Nodes are states; edges are militarized disputes with hostility levels, initiator/target roles, outcomes, dates, and dispute characteristics."
Global,Global,Security,Correlates of War Intergovernmental Organizations Dataset,https://correlatesofwar.org/data-sets/IGOs,EN,Global affiliation network dataset,Academic,Website,Network,yes,5,5,2,5,5,5,5,4.4,Bipartite state-IGO membership network from 1815 onward. Nodes are states and intergovernmental organizations; edges represent membership or participation.
Global,Global,Security,Correlates of War Diplomatic Exchange Dataset,https://correlatesofwar.org/data-sets/diplomatic-exchange,EN,Global diplomatic network dataset,Academic,Website,Network,yes,5,5,2,5,5,5,4,4.3,Dyadic diplomatic-representation network. Nodes are states; directed ties indicate embassy or legation exchange and diplomatic presence over time.
Global,Global,Security,Correlates of War Direct Contiguity Dataset,https://correlatesofwar.org/data-sets/direct-contiguity,EN,Global geographic network dataset,Academic,Website,Network,yes,5,5,2,5,5,5,3,4.1,"State adjacency network including land and maritime contiguity. Useful as a baseline graph for conflict diffusion, trade, migration, alliance, and border-security models."
Global,Global,Security,International Network Data SPINS,https://spins.faculty.ucdavis.edu/international-network-data,EN,Global international-relations network collection,Academic,Website,Network,yes,5,5,3,5,5,5,5,4.6,"Network-ready international relations datasets including alliances, militarized disputes, intergovernmental organization memberships, trade, and related dyadic network data. [226]"
Global,Global,Security,Alliance Treaty Obligations and Provisions ATOP,https://atopdata.org,EN,Global alliance network dataset,Academic,Website,Network,yes,5,5,2,5,5,5,5,4.4,"Formal alliance network with treaty provisions, obligations, duration, defense commitments, consultations, military arrangements, and legal detail."
Global,Global,Security,Military Alliances Dataset ATOP,https://atopdata.org,EN,Global alliance commitment dataset,Academic,Website,Network,yes,5,5,2,5,5,5,5,4.4,"Use the consolidated ATOP source rather than duplicate rows; especially strong for alliance design, commitment credibility, treaty clauses, and alliance-network analysis."
Global,Global,Security,International Crisis Behavior ICB Dataset,https://sites.duke.edu/icbdata,EN,Global international crisis network dataset,Academic,Website,Network,yes,5,5,2,5,5,5,5,4.4,"International crisis dataset in which nodes are states and edges or hyperedges capture crisis participation, adversarial relationships, triggers, outcomes, and escalation."
Global,Global,Security,UCDP Dyadic Dataset,https://ucdp.uu.se/downloads,EN,Global armed-conflict network dataset,Academic,Website,Network,yes,5,5,3,5,5,5,5,4.6,"Actor-dyad data on state-based conflict. Nodes are governments and organized armed groups; directed or undirected conflict edges include incompatibility, fatalities, duration, and location."
Global,Global,Security,UCDP External Support Dataset,https://ucdp.uu.se/downloads,EN,Global conflict-support network dataset,Academic,Website,Network,yes,5,5,3,5,5,5,5,4.6,"Network of external support to warring parties. Nodes include external states/actors and conflict parties; edges encode support type such as military, financial, material, intelligence, or sanctuary."
Global,Global,Security,ACLED Actor Co-Occurrence Network,https://acleddata.com,EN,Global derived conflict network dataset,Independent,Website,Network,yes,4,5,5,5,5,5,3,4.6,"Derived network source. Build actor-actor, actor-location, actor-event-type, or actor-time networks from ACLED event records; preserve event IDs and avoid treating co-occurrence as direct alliance."
Global,Global,Security,UCDP GED Actor-Location Network,https://ucdp.uu.se/downloads,EN,Global derived conflict network dataset,Academic,Website,Network,yes,5,5,4,5,5,5,4,4.6,Derived network source. Build actor-location-time or actor-actor conflict graphs from georeferenced organized-violence events; retain original UCDP event identifiers and conflict coding.
Global,Global,Security,Global Terrorism Database GTD Perpetrator-Target Network,https://www.start.umd.edu/gtd,EN,Global terrorism network dataset,Academic,Website,Network,yes,5,5,3,5,5,5,4,4.6,"Derived network source. Build directed perpetrator-target, group-country, group-weapon, group-tactic, or attack-location graphs from GTD incident records; unknown perpetrators require careful handling."
Global,Global,Security,SIPRI Arms Transfers Database,https://www.sipri.org/databases/armstransfers,EN,Global arms-transfer network dataset,Independent,Website,Network,yes,5,5,4,5,5,5,4,4.7,"Network-ready arms-transfer data. Nodes are supplier and recipient states; directed weighted edges represent major conventional weapons orders and deliveries, with system and year attributes."
Global,Global,Security,SIPRI Arms Industry Database,https://www.sipri.org/databases/armsindustry,EN,Global defense-industry network dataset,Independent,Website,Network,yes,5,5,3,5,5,5,4,4.6,"Build company-owner-country-industry networks from arms producers, ownership, arms revenues, employment, and corporate structures. Particularly useful for defense-industrial concentration and cross-border ownership."
Global,Global,Security,UN Register of Conventional Arms UNROCA,https://www.unroca.org,EN,Global arms-transfer network dataset,International official,Website,Network,yes,4,5,3,5,5,5,3,4.3,State-reported imports and exports of major conventional arms. Nodes are reporting states and partners; directed edges are reported transfer flows by weapon category. Underreporting and nonparticipation matter.
Global,Global,Security,Conflict Armament Research iTrace,https://www.conflictarm.com,EN,Global weapons-provenance network dataset,Independent,Website,Network,yes,5,5,4,5,5,4,5,4.7,"Weapons, ammunition, manufacturer, diversion, transfer-route, armed-group, and supply-chain network data based on field documentation and serial-number tracing."
Global,Global,Security,Small Arms Survey Arms Trade and Diversion Networks,https://www.smallarmssurvey.org,EN,Global illicit-arms network research,Independent,Website,Network,yes,5,5,3,5,5,5,5,4.6,"Research and source material supporting actor-weapon-route-border network analysis for small arms, ammunition, trafficking, diversion, armed violence, and conflict supply chains."
Global,Global,Security,Global Sanctions Database GSDB,https://www.globalsanctionsdatabase.com,EN,Global sanctions network dataset,Academic,Website,Network,yes,5,5,4,5,5,5,5,4.7,"Network-ready sender-target sanctions data. Nodes are sender states/organizations and target states; directed weighted edges describe sanctions type, objective, multilateralism, duration, and outcome."
Global,Global,Security,TIES Sanctions Dataset,https://sanctions.web.unc.edu,EN,Global sanctions network dataset,Academic,Website,Network,yes,5,5,2,5,5,5,5,4.4,"Threats and Imposition of Economic Sanctions dataset. Nodes are senders and targets; directed edges capture sanction threats, imposition, instruments, objectives, costs, and outcomes."
Global,Global,Security,OpenSanctions Sanctions Relationship Graph,https://www.opensanctions.org,EN,Global sanctions and ownership graph,Independent,Website,Network,yes,4,5,5,5,5,5,4,4.7,"Network graph linking sanctioned persons, companies, vessels, family, corporate control, state ownership, watchlists, PEP relationships, and identifiers. Validate entity resolution and source recency."
Global,Global,Security,GDELT Event Database,https://www.gdeltproject.org,EN,Global event interaction network,Independent,Website,Network,yes,3,5,5,4,3,5,3,4,"Network-ready event stream in which actors, organizations, places, themes, and sources can be represented as nodes; directed edges derive from coded interactions and co-mentions. GDELT monitors global news in over 100 languages. [224]"
Global,Global,Security,KEDS Kansas Event Data System,https://eventdata.parusanalytics.com,EN,Global event interaction dataset,Academic,Website,Network,yes,4,5,2,5,5,4,5,4.3,Historical machine-coded international event data enabling directed actor-action-target networks. Useful for longitudinal foreign-policy interaction research; archival coverage and codebook awareness are essential.
Global,Global,Security,Phoenix Event Data Project,https://eventdata.parusanalytics.com,EN,Global event interaction dataset,Academic,Website,Network,yes,4,5,4,5,5,4,5,4.4,"Machine-coded event data producing actor-action-target relationships for political event, conflict, diplomacy, protest, and interaction network analysis."
Global,Global,Security,ICEWS Integrated Crisis Early Warning System Event Data,https://dataverse.harvard.edu,EN,Global event interaction dataset,Academic,Website,Network,yes,4,5,4,5,5,3,5,4.3,Automated event data supporting actor-action-target network analysis across international and domestic political events; access and versions vary by repository.
Global,Global,Security,World Event Interaction Survey WEIS,https://dataverse.harvard.edu,EN,Historical event interaction network,Academic,Website,Network,yes,5,5,1,5,5,4,5,4.3,"Historical manually coded interstate events, usable for actor-action-target networks and long-run diplomatic/conflict interaction research."
Global,Global,Security,Militarized Interstate Disputes Network SPINS,https://spins.faculty.ucdavis.edu/international-network-data,EN,Global MID network dataset,Academic,Website,Network,yes,5,5,2,5,5,5,5,4.4,"Network-ready MID data containing state dyads, disputes, hostility scores, onset/termination, roles, and conflict attributes. [226]"
Global,Global,Security,Intergovernmental Organization Membership Network SPINS,https://spins.faculty.ucdavis.edu/international-network-data,EN,Global IGO affiliation network dataset,Academic,Website,Network,yes,5,5,2,5,5,5,5,4.4,"Bipartite state-IGO network data, enabling projection into state-state institutional similarity networks or organization overlap networks. [226]"
Global,Global,Security,International Trade Network SPINS,https://spins.faculty.ucdavis.edu/international-network-data,EN,Global trade network dataset,Academic,Website,Network,yes,5,5,2,5,5,5,4,4.3,"Network-formatted historical import/export data, useful for direct country-trade graphs and comparison with alliance, MID, and IGO networks. [226]"
Global,Global,Political,UN General Assembly Voting Data Voeten,https://dataverse.harvard.edu,EN,Global diplomatic voting network dataset,Academic,Website,Network,yes,5,5,3,5,5,5,5,4.6,"State-vote bipartite network covering UN General Assembly roll-call votes. Project states into voting-similarity networks; retain resolution, issue area, session, abstention, and absence metadata."
Global,Global,Political,UN General Assembly Voting Data Erik Voeten,https://dataverse.harvard.edu,EN,Global voting network dataset,Academic,Website,Network,yes,5,5,3,5,5,5,5,4.6,"Use one consolidated Voeten UNGA voting entry. Nodes are states and resolutions; edges represent votes, enabling bloc, alignment, polarization, coalition, and foreign-policy network analysis."
Global,Global,Political,UN Security Council Voting Dataset,https://dataverse.harvard.edu,EN,Global Security Council network dataset,Academic,Website,Network,yes,5,5,3,5,5,5,5,4.6,"UNSC member-resolution voting and sponsorship network data. Useful for veto, coalition, agenda-setting, permanent-member influence, and diplomatic alignment analysis."
Global,Global,Political,UN Digital Library Voting Records,https://digitallibrary.un.org,EN,Global UN voting and document network,International official,Website,Network,yes,5,5,4,5,5,5,3,4.4,"Official UN votes, resolutions, speakers, documents, sponsors, committees, and records. Construct state-resolution, state-sponsor, speaker-topic, or committee-document networks."
Global,Global,Political,World Treaty Index,https://worldtreatyindex.com,EN,Global treaty network dataset,Academic,Website,Network,yes,5,5,2,5,5,4,5,4.3,"Global treaty and agreement database suitable for state-treaty bipartite networks, dyadic legal ties, issue-area clusters, and international institutional mapping."
Global,Global,Political,UN Treaty Collection,https://treaties.un.org,EN,Global treaty network dataset,International official,Website,Network,yes,5,5,4,5,5,5,3,4.4,"Official multilateral treaty participation, signatures, ratifications, reservations, declarations, and deposits. Nodes are states and treaties; edges represent legal participation."
Global,Global,Political,International Organizations Dataset COW,https://correlatesofwar.org/data-sets/IGOs,EN,Global international organization network dataset,Academic,Website,Network,yes,5,5,2,5,5,5,5,4.4,See COW IGO entry; use for historical state-organization affiliation networks from 1815 onward.
Global,Global,Political,UN Peacekeeping Personnel Contributions,https://peacekeeping.un.org/en/troop-and-police-contributors,EN,Global peacekeeping network dataset,International official,Website,Network,yes,5,5,5,5,5,5,2,4.4,"Contributor-mission network for UN peace operations. Nodes are countries and missions; directed or bipartite edges represent troop, police, and expert contributions by month."
Global,Global,Political,OECD Creditor Reporting System Aid Network,https://stats.oecd.org,EN,Global aid network dataset,International official,Website,Network,yes,5,5,4,5,5,5,3,4.4,"Donor-recipient-sector-project network. Nodes include donor governments, multilateral agencies, recipient states, sectors, channels, and projects; weighted edges represent development and humanitarian finance."
Global,Global,Political,AidData Geocoded Research Release,https://aiddata.org/data/geocoded-global-chinese-development-finance-dataset,EN,Global development-finance network dataset,Academic,Website,Network,yes,5,5,3,5,5,5,5,4.6,"Geocoded project-level development-finance network, including Chinese official finance. Nodes can include financiers, recipient countries, implementing agencies, projects, sectors, locations, and contractors."
Global,Global,Political,AidData Global Chinese Development Finance Dataset,https://aiddata.org/data/aiddatas-global-chinese-development-finance-dataset,EN,Global Chinese finance network dataset,Academic,Website,Network,yes,5,5,3,5,5,5,5,4.6,"Project-level Chinese official-finance network connecting Chinese institutions, recipient governments, projects, sectors, locations, lenders, and financing arrangements."
Global,Global,Political,World Bank Debtor Reporting System,https://databank.worldbank.org/source/international-debt-statistics,EN,Global sovereign creditor network dataset,International official,Website,Network,yes,5,5,4,5,5,5,3,4.4,"Build sovereign debtor-creditor networks from public and publicly guaranteed debt, creditor type, lending terms, debt service, and bilateral/multilateral exposure."
Global,Global,Political,Varieties of Democracy Party Linkages Dataset V-Party,https://v-dem.net/data,EN,Global party network dataset,Academic,Website,Network,yes,5,5,2,5,5,5,5,4.4,"Use for party-ideology, transnational party-family, organizational, and linkage networks; primarily attribute-rich rather than a prebuilt edge-list graph."
Global,Global,Political,Global Leadership Project,https://globalleadershipproject.net,EN,Global leader network dataset,Academic,Website,Network,yes,5,5,2,5,5,5,5,4.4,"Global leaders, entry/exit, personal attributes, political institutions, and succession data. Construct leader-state-party-family and elite succession networks."
Global,Global,Political,Archigos Political Leaders Dataset,https://www.rochester.edu/college/faculty/hgoemans/data.htm,EN,Global political leadership dataset,Academic,Website,Network,yes,5,5,2,5,5,5,4,4.3,"Global political leaders and leader transitions since the nineteenth century. Suitable for leader succession, state-leader, conflict-leader, and diplomatic interaction networks."
Global,Global,Humanitarian,UNHCR Refugee Data Finder Origin-Destination Network,https://www.unhcr.org/refugee-statistics,EN,Global displacement network dataset,International official,Website,Network,yes,5,5,5,5,5,5,3,4.6,"Network-ready forced displacement data. Nodes are origin and asylum/host countries; directed weighted edges represent refugees, asylum seekers, returnees, stateless persons, and other forcibly displaced populations."
Global,Global,Humanitarian,IOM Displacement Tracking Matrix Flow Monitoring,https://dtm.iom.int,EN,Global migration-flow network dataset,International official,Website,Network,yes,5,5,5,5,5,5,3,4.6,"Origin-transit-destination migration and displacement network data. Nodes include locations, routes, border points, sites, and populations; edges represent observed or surveyed movements."
Global,Global,Humanitarian,ReliefWeb Humanitarian Organizations Dataset HOD,https://reliefweb.int,EN,Global humanitarian organization network dataset,International official,Website,Network,yes,5,5,3,5,5,5,4,4.6,"Network-ready humanitarian organization and response data linking organizations, sectors, countries, crises, clusters, and operations. The Humanitarian Organisations Dataset identifies 2,505 organizations using reproducible criteria. [202]"
Global,Global,Humanitarian,Humanitarian Data Exchange HDX,https://data.humdata.org,EN,Global humanitarian network data platform,International official,Website,Network,yes,5,5,5,5,5,5,3,4.7,"Meta-platform containing network-relevant humanitarian datasets on organizations, response, locations, aid, displacement, health facilities, roads, markets, boundaries, and crisis operations."
Global,Global,Environment,Global Fishing Watch,https://globalfishingwatch.org,EN,Global maritime activity network dataset,Independent,Website,Network,yes,4,5,5,5,5,5,4,4.7,"Vessel-port-zone-country network data from AIS and satellite-derived activity. Nodes can be vessels, ports, flag states, operators, fishing grounds, EEZs, and marine protected areas."
Global,Global,Environment,MarineTraffic AIS Network,https://www.marinetraffic.com,EN,Global vessel movement network dataset,Industry,Website,Network,yes,4,5,5,4,4,3,3,4,"Vessel-port-route-country network derived from AIS. Useful for commercial shipping, port-call, maritime chokepoint, sanctions, logistics, and supply-chain analysis; subscription access and AIS limitations apply."
Global,Global,Environment,UNCTAD Maritime Connectivity Index,https://unctad.org/topic/transport-and-trade-logistics,EN,Global maritime transport network dataset,International official,Website,Network,yes,5,5,4,5,5,5,3,4.4,"Country-level liner shipping connectivity network indicators, ports, maritime transport links, fleet characteristics, shipping connectivity, and trade logistics."
Global,Global,Environment,OpenSky Network,https://opensky-network.org,EN,Global aviation movement network dataset,Independent,Website,Network,yes,4,5,5,5,4,5,3,4.3,"Open ADS-B flight data enabling airport-airport, airline-route, aircraft-operator, airspace, military aviation, and movement network analysis; coverage varies geographically."
Global,Global,Environment,OurAirports,https://ourairports.com/data,EN,Global aviation infrastructure network dataset,Independent,Website,Network,yes,4,5,4,5,5,5,2,4.1,"Open global airport, runway, frequency, country, and location data. Join with OpenSky or commercial flight feeds to create route and infrastructure networks."
Global,Global,Technology,OONI Measurement Network,https://explorer.ooni.org,EN,Global internet censorship network dataset,Independent,Website,Network,yes,5,5,5,5,5,5,4,4.7,"Network-measurement data linking countries, autonomous systems, ISPs, domains, apps, protocols, and censorship observations. Suitable for infrastructure and information-control networks."
Global,Global,Technology,CAIDA AS Relationships Dataset,https://www.caida.org/catalog/datasets/as-relationships,EN,Global internet topology dataset,Academic,Website,Network,yes,5,5,5,5,5,5,5,4.9,"Global autonomous-system topology and inferred business relationship graph. Nodes are ASNs; edges represent provider-customer or peer-peer relationships, enabling internet infrastructure and dependency analysis."
Global,Global,Technology,CAIDA AS Rank,https://asrank.caida.org,EN,Global internet connectivity network dataset,Academic,Website,Network,yes,5,5,5,5,5,5,4,4.7,"Global autonomous-system relationship and ranking data, including customer cones, topology, country links, and internet centrality indicators."
Global,Global,Technology,RIPE Atlas,https://atlas.ripe.net,EN,Global internet measurement network,Independent,Website,Network,yes,5,5,5,5,5,5,4,4.7,"Global distributed probe and anchor measurements of routing, latency, DNS, connectivity, reachability, internet outages, and network paths."
Global,Global,Technology,RIPEstat,https://stat.ripe.net,EN,Global internet routing network dataset,Independent,Website,Network,yes,5,5,5,5,5,5,4,4.7,"Network data on IP prefixes, ASNs, BGP routing, internet registry resources, geographic allocation, routing history, and connectivity relationships."
Global,Global,Technology,PeeringDB,https://www.peeringdb.com,EN,Global internet interconnection network dataset,Independent,Website,Network,yes,4,5,5,5,4,5,3,4.4,"Community-maintained data on networks, IXPs, facilities, ports, peering policies, and internet interconnection infrastructure; verify self-reported entries."
Global,Global,Technology,Wikidata Knowledge Graph,https://www.wikidata.org,EN,Global entity network dataset,Independent,Website,Network,yes,4,5,5,5,4,5,3,4.4,"Open knowledge graph linking people, companies, places, organizations, events, offices, works, identifiers, and relationships. Useful for entity enrichment, not standalone confirmation."
Global,Global,Technology,OpenAlex Scholarly Graph,https://openalex.org,EN,Global research collaboration network dataset,Independent,Website,Network,yes,5,5,5,5,5,5,3,4.6,"Graph-ready scholarly data linking works, authors, institutions, concepts, funders, countries, citations, and research outputs; useful for innovation and science-network analysis."
Global,Global,Technology,GitHub Archive,https://www.gharchive.org,EN,Global software collaboration network dataset,Independent,Website,Network,yes,4,5,5,5,4,5,3,4.4,"Public GitHub event archive for developer-repository-organization collaboration networks, open-source project ecosystems, technology diffusion, and software supply-chain research."
Global,Global,Technology,Software Heritage Graph Dataset,https://www.softwareheritage.org,EN,Global software provenance network dataset,Independent,Website,Network,yes,5,5,4,5,5,4,5,4.6,"Graph of source-code origins, commits, directories, files, releases, repositories, and provenance relationships; technically demanding but valuable for software dependency research."
Global,Global,OSINT,Bellingcat Investigation Graphs,https://www.bellingcat.com,EN,Global OSINT relationship data,Independent,Website,Network,yes,5,5,4,5,5,5,5,4.9,"Investigation-specific networks linking actors, locations, organizations, companies, equipment, documents, social-media evidence, and events. Usually published as case-specific evidence, not one unified downloadable graph."
Global,Global,OSINT,Forensic Architecture Investigative Cases,https://forensic-architecture.org,EN,Global forensic evidence network,Academic,Website,Network,yes,5,5,4,5,5,5,5,4.9,"Case-specific evidence networks linking locations, actors, visual material, satellite imagery, documents, timelines, structures, and incidents. Useful as reproducible networked evidence rather than a standardized global edge list."
Global,Global,OSINT,OpenStreetMap,https://www.openstreetmap.org,EN,Global geospatial graph dataset,Independent,Website,Network,yes,4,5,5,5,5,5,2,4.4,"Network-ready roads, paths, railways, waterways, buildings, infrastructure, boundaries, and geographic features. Build transportation, logistics, urban, and infrastructure graphs; local completeness varies."
Global,Global,OSINT,Humanitarian OpenStreetMap Team HOT,https://www.hotosm.org,EN,Global humanitarian network data,Independent,Website,Network,yes,5,5,5,5,5,5,4,4.9,"Humanitarian road, building, facility, settlement, and access-network data, often generated for crises and resilience work; combine with population, hazard, and response datasets."
Global,Global,Economic,World Development Indicators,https://databank.worldbank.org/source/world-development-indicators,EN,International development dataset,International official,Website,,yes,5,5,5,5,5,5,1,4.4,"World Bank’s principal cross-country development dataset, covering population, poverty, health, education, economy, trade, finance, infrastructure, environment, governance-related indicators, and development outcomes."
Global,Global,Economic,World Bank Global Economic Monitor,https://databank.worldbank.org/source/global-economic-monitor-gem,EN,Global macroeconomic dataset,International official,Website,,yes,5,5,5,5,5,5,2,4.6,"High-frequency global macroeconomic indicators including inflation, exchange rates, industrial production, trade, commodities, financial markets, and national economic performance."
Global,Global,Economic,World Bank International Debt Statistics,https://databank.worldbank.org/source/international-debt-statistics,EN,Global sovereign debt dataset,International official,Website,,yes,5,5,4,5,5,5,2,4.4,"Cross-country external debt stocks, flows, debt-service obligations, creditor composition, financing terms, and public/private debt indicators."
Global,Global,Economic,World Bank Global Financial Development Database,https://www.worldbank.org/en/publication/gfdr/data/global-financial-development-database,EN,Global financial-sector dataset,International official,Website,,yes,5,5,3,5,5,5,3,4.4,"Cross-country indicators of financial access, depth, efficiency, stability, banking, capital markets, institutions, and financial-sector development."
Global,Global,Economic,World Bank Enterprise Surveys,https://www.enterprisesurveys.org,EN,Firm-level survey dataset,International official,Website,,yes,5,5,3,5,5,5,4,4.6,"Firm-level survey data on business constraints, corruption, finance, labor, trade, technology, regulation, gender, and enterprise performance across economies."
Global,Global,Economic,World Bank Worldwide Governance Indicators,https://www.worldbank.org/en/publication/worldwide-governance-indicators,EN,Global governance dataset,International official,Website,,yes,4,5,3,5,5,5,4,4.4,"Cross-country composite indicators for voice and accountability, political stability, government effectiveness, regulatory quality, rule of law, and control of corruption; model-based and best used alongside component evidence."
Global,Global,Economic,World Bank Logistics Performance Index,https://lpi.worldbank.org,EN,Global logistics dataset,International official,Website,,yes,4,5,2,5,5,5,4,4.3,"Periodic comparative measure of customs, infrastructure, logistics competence, shipment tracking, timeliness, and trade logistics performance."
Global,Global,Economic,World Bank Global Findex,https://www.worldbank.org/en/publication/globalfindex,EN,Global financial inclusion dataset,International official,Website,,yes,5,5,2,5,5,5,4,4.4,"Survey dataset on account ownership, savings, borrowing, mobile money, payments, resilience, financial access, and financial inclusion."
Global,Global,Economic,IMF International Financial Statistics,https://data.imf.org,EN,Global macroeconomic dataset,International official,Website,,yes,5,5,5,5,5,4,2,4.4,"Cross-country monetary, exchange-rate, balance-of-payments, banking, financial, price, fiscal, and macroeconomic time series."
Global,Global,Economic,IMF Direction of Trade Statistics,https://data.imf.org,EN,Global bilateral trade dataset,International official,Website,,yes,5,5,4,5,5,4,1,4.1,"Bilateral merchandise trade matrix, providing partner-country exports, imports, and trade trends using IMF-reconciled country reports."
Global,Global,Economic,IMF Coordinated Portfolio Investment Survey,https://data.imf.org,EN,Global portfolio investment dataset,International official,Website,,yes,5,5,3,5,5,4,2,4.3,"Cross-border portfolio investment positions, issuer and investor geography, debt/equity holdings, and international financial exposure."
Global,Global,Economic,IMF Coordinated Direct Investment Survey,https://data.imf.org,EN,Global foreign direct investment dataset,International official,Website,,yes,5,5,3,5,5,4,2,4.3,"Cross-country inward and outward direct-investment positions, counterpart economies, ownership relationships, and global FDI patterns."
Global,Global,Economic,IMF World Economic Outlook Database,https://www.imf.org/en/Publications/WEO/weo-database,EN,Global macroeconomic forecast dataset,International official,Website,,yes,5,5,4,5,5,5,4,4.6,"IMF historical estimates and projections for GDP, inflation, unemployment, fiscal balances, current accounts, debt, trade, and macroeconomic conditions."
Global,Global,Economic,IMF Fiscal Monitor Database,https://www.imf.org/en/Publications/FM,EN,Global fiscal dataset,International official,Website,,yes,5,5,3,5,5,5,4,4.4,"Cross-country public finance, debt, deficit, revenue, expenditure, fiscal-risk, and medium-term fiscal projection data."
Global,Global,Economic,OECD Data Explorer,https://data-explorer.oecd.org,EN,Global and OECD economic dataset,International official,Website,,yes,5,5,4,5,5,5,3,4.6,"High-quality comparative data on advanced and partner economies, including productivity, trade, labor, education, tax, finance, innovation, governance, and social policy."
Global,Global,Economic,OECD Creditor Reporting System CRS,https://stats.oecd.org,EN,Global aid and development finance dataset,International official,Website,,yes,5,5,4,5,5,5,2,4.4,"Detailed bilateral and multilateral official development assistance, project finance, humanitarian aid, sector allocations, donors, recipients, and aid channels."
Global,Global,Economic,UN Comtrade,https://comtradeplus.un.org,EN,Global merchandise trade dataset,International official,Website,,yes,5,5,4,5,5,5,2,4.4,"Official national customs and trade data by reporter, partner, commodity code, quantity, value, transport, and period; indispensable for trade and sanctions work."
Global,Global,Economic,UNCTADstat,https://unctadstat.unctad.org,EN,Global trade investment and development dataset,International official,Website,,yes,5,5,4,5,5,5,3,4.6,"Global data on trade, FDI, commodities, digital economy, maritime transport, debt, development, productive capacity, and global value chains."
Global,Global,Economic,UNCTAD Global Trade Update and Data Hub,https://unctad.org/topic/trade-analysis,EN,Global trade analytics dataset,International official,Website,,yes,5,4,4,5,5,5,4,4.6,"Near-term global trade indicators, bilateral and sectoral trade analysis, commodity trends, shipping, investment, and geoeconomic monitoring."
Global,Global,Economic,UNIDO Industrial Statistics Database,https://stat.unido.org,EN,Global industrial dataset,International official,Website,,yes,5,5,3,5,5,4,3,4.3,"Cross-country manufacturing, industrial production, value added, employment, energy, sector, and industrial-development data."
Global,Global,Economic,FAOSTAT,https://www.fao.org/faostat,EN,Global agriculture and food dataset,International official,Website,,yes,5,5,4,5,5,5,2,4.4,"Global agriculture, land use, crops, livestock, fisheries, food balances, fertilizer, emissions, prices, trade, forests, and food security data."
Global,Global,Economic,World Food Programme HungerMap LIVE,https://hungermap.wfp.org,EN,Global food-security monitoring,International official,Website,,yes,4,5,5,5,5,5,4,4.7,"Near-real-time food insecurity, conflict, economic shocks, weather, market prices, displacement, and crisis indicators for humanitarian early warning."
Global,Global,Economic,International Energy Agency Data Explorer,https://www.iea.org/data-and-statistics,EN,Global energy dataset,International official,Website,,yes,5,5,4,5,5,3,3,4.3,"High-value energy supply, demand, electricity, oil, gas, coal, renewables, emissions, prices, infrastructure, and energy-security data; some products are paywalled."
Global,Global,Economic,Energy Institute Statistical Review of World Energy,https://www.energyinst.org/statistical-review,EN,Global energy dataset,Independent,Website,,yes,5,5,4,5,5,5,3,4.6,"Open annual global energy data covering oil, gas, coal, power, renewables, nuclear, emissions, reserves, production, consumption, and trade."
Global,Global,Economic,UN Energy Global SDG7 Database,https://trackingsdg7.esmap.org,EN,Global energy-access dataset,International official,Website,,yes,5,5,3,5,5,5,3,4.4,"Cross-country electricity access, clean cooking, renewable energy, energy efficiency, energy finance, and SDG7 progress data."
Global,Global,Economic,International Labour Organization ILOSTAT,https://ilostat.ilo.org,EN,Global labor dataset,International official,Website,,yes,5,5,4,5,5,5,2,4.4,"Global labor force, employment, unemployment, wages, working time, gender, migration, social protection, labor rights, and occupational data."
Global,Global,Economic,UNESCO Institute for Statistics UIS,https://uis.unesco.org,EN,Global education science and culture dataset,International official,Website,,yes,5,5,3,5,5,5,2,4.3,"Global education, literacy, research, science, culture, ICT in education, teachers, enrollment, spending, and learning indicators."
Global,Global,Economic,International Telecommunication Union ICT DataHub,https://www.itu.int/itu-d/reports/statistics,EN,Global telecommunications dataset,International official,Website,,yes,5,5,4,5,5,5,2,4.4,"Global indicators on internet use, mobile subscriptions, broadband, affordability, digital access, ICT infrastructure, and connectivity."
Global,Global,Economic,International Renewable Energy Agency IRENASTAT,https://www.irena.org/Data,EN,Global renewable energy dataset,International official,Website,,yes,5,5,4,5,5,5,3,4.6,"Global renewable capacity, generation, investment, jobs, technology cost, renewable-resource, green-hydrogen, and energy-transition data."
Global,Global,Economic,Global Trade Alert,https://www.globaltradealert.org,EN,Global trade policy dataset,Independent,Website,,yes,5,5,5,5,5,4,4,4.7,"Near-real-time monitoring of trade-distorting policies, subsidies, tariffs, export controls, investment measures, sanctions-related trade actions, and industrial policy."
Global,Global,Economic,CEPII Gravity Database,https://www.cepii.fr/CEPII/en/bdd_modele/presentation.asp?id=8,EN,Global geoeconomic dataset,Academic,Website,,yes,5,5,2,5,5,5,4,4.4,"Standard global bilateral dataset for trade, distance, borders, language, colonial ties, currency unions, institutions, and gravity-model analysis."
Global,Global,Economic,Penn World Table,https://www.rug.nl/ggdc/productivity/pwt,EN,Global comparative macroeconomic dataset,Academic,Website,,yes,5,5,2,5,5,5,4,4.4,"Cross-country purchasing-power-parity, output, capital, productivity, labor, expenditure, and comparative development data."
Global,Global,Economic,Maddison Project Database,https://www.rug.nl/ggdc/historicaldevelopment/maddison,EN,Global historical economic dataset,Academic,Website,,yes,5,5,1,5,5,5,5,4.4,"Long-run historical estimates of population, GDP, GDP per capita, comparative development, and economic growth."
Global,Global,Economic,World Inequality Database WID.world,https://wid.world,EN,Global inequality dataset,Independent,Website,,yes,5,5,3,5,5,5,5,4.6,"Global income, wealth, tax, distributional national-account, inequality, ownership, and historical fiscal data."
Global,Global,Economic,Global Wealth Databook UBS,https://www.ubs.com/global/en/family-office-uhnw/global-wealth-report.html,EN,Global wealth dataset,Industry,Website,,yes,4,5,3,4,4,5,3,4,"Cross-country household wealth, assets, debt, millionaires, wealth distribution, and financial-asset estimates; methodology is proprietary but documented."
Global,Global,Political,V-Dem Dataset,https://v-dem.net/data,EN,Global democracy dataset,Academic,Website,,yes,5,5,3,5,5,5,5,4.7,"Extensive expert-coded dataset on democracy, autocratization, elections, civil society, media, judicial independence, corruption, rights, political parties, and institutional change."
Global,Global,Political,Freedom House Freedom in the World,https://freedomhouse.org/report/freedom-world,EN,Global political rights dataset,Independent,Website,,yes,4,5,3,5,5,5,4,4.4,"Annual country ratings and reports on political rights, civil liberties, democracy, repression, media, rule of law, and civic space; normative framework should be explicit."
Global,Global,Political,Bertelsmann Transformation Index BTI,https://bti-project.org,EN,Global governance dataset,Independent,Website,,yes,4,5,2,5,5,5,5,4.4,"Comparative expert assessments of political transformation, governance, market economy, rule of law, democracy, state capacity, and reform."
Global,Global,Political,International IDEA Global State of Democracy Indices,https://www.idea.int/democracytracker,EN,Global democracy dataset,International official,Website,,yes,5,5,3,5,5,5,5,4.6,"Comparative indicators and country profiles on representation, rights, rule of law, participation, institutions, social rights, democratic erosion, and political trends."
Global,Global,Political,Varieties of Party Identity and Organization V-Party,https://www.v-dem.net/data/v-party-dataset,EN,Global political party dataset,Academic,Website,,yes,5,5,2,5,5,5,5,4.4,"Global expert-coded data on party ideology, organization, linkages, polarization, populism, and political-party characteristics."
Global,Global,Political,Database of Political Institutions DPI,https://datacatalog.worldbank.org,EN,Global political institutions dataset,International official,Website,,yes,5,5,2,5,5,5,4,4.4,"Cross-country political institutions, election systems, parties, checks and balances, executive and legislative characteristics, and government composition."
Global,Global,Political,Quality of Government Standard Dataset,https://www.gu.se/en/quality-government/qog-data,EN,Global governance dataset,Academic,Website,,yes,5,5,3,5,5,5,5,4.6,"Integrated cross-national dataset combining political institutions, corruption, democracy, public administration, social policy, development, and historical variables."
Global,Global,Political,Comparative Constitutions Project,https://comparativeconstitutionsproject.org,EN,Global constitutional dataset,Academic,Website,,yes,5,5,2,5,5,5,5,4.4,"Structured constitutional text and coding for rights, executive power, courts, elections, security, emergency rules, federalism, and institutional design."
Global,Global,Political,Global Elections Database,https://electionguide.org,EN,Global elections dataset,Independent,Website,,yes,4,5,4,5,5,5,4,4.4,"International Foundation for Electoral Systems election guide covering election calendars, results, candidates, electoral systems, parties, legal frameworks, and country profiles."
Global,Global,Political,ParlGov Database,https://parlgov.org,EN,Global parliamentary politics dataset,Academic,Website,,yes,5,5,2,5,5,5,5,4.4,"Comparative data on elections, cabinets, parties, leaders, legislative elections, coalition governments, and party positions in democracies."
Global,Global,Political,Global Database of Events Language and Tone GDELT,https://www.gdeltproject.org,EN,Global event and media dataset,Independent,Website,,yes,3,5,5,4,3,5,3,4,"Global near-real-time news-derived events, entities, themes, locations, languages, imagery, and tone data; useful for discovery and trend analysis, not direct ground truth."
Global,Global,Political,Global Database of Elections and Democracy V-Dem Regimes of the World,https://v-dem.net/data,EN,Global regime dataset,Academic,Website,,yes,5,5,3,5,5,5,5,4.6,"V-Dem-derived regime classifications and democratic indicators, useful for longitudinal comparison of democracy, electoral autocracy, liberal democracy, and autocratization."
Global,Global,Political,Open Government Partnership National Action Plans,https://www.opengovpartnership.org,EN,Global governance reform dataset,Independent,Website,,yes,5,4,3,5,5,5,4,4.4,"Country commitments, implementation assessments, civic participation, access-to-information, open-data, anti-corruption, and government-transparency reform records."
Global,Global,Political,World Justice Project Rule of Law Index,https://worldjusticeproject.org/our-work/research-and-data/wjp-rule-law-index,EN,Global rule-of-law dataset,Independent,Website,,yes,4,5,3,5,5,5,4,4.4,"Annual comparative rule-of-law measures covering constraints on government, absence of corruption, open government, rights, order and security, regulatory enforcement, civil justice, and criminal justice."
Global,Global,Political,Transparency International Corruption Perceptions Index,https://www.transparency.org/en/cpi,EN,Global corruption perception dataset,Independent,Website,,yes,4,4,3,5,5,5,3,4.1,Annual perception-based corruption index; useful for broad comparative signaling but should not substitute for case-level corruption evidence.
Global,Global,Political,Open Budget Survey,https://internationalbudget.org/open-budget-survey,EN,Global budget transparency dataset,Independent,Website,,yes,5,5,2,5,5,5,4,4.4,"Comparative public-budget transparency, participation, oversight, audit, legislature, and fiscal-accountability assessments."
Global,Global,Political,Global Right to Information Rating,https://www.rti-rating.org,EN,Global access-to-information dataset,Independent,Website,,yes,5,5,2,5,5,5,4,4.4,"Comparative legal scoring of access-to-information laws, appeals, exemptions, proactive disclosure, enforcement, and institutional guarantees."
Global,Global,Political,World Press Freedom Index,https://rsf.org/en/index,EN,Global media freedom dataset,Independent,Website,,yes,4,5,3,5,5,5,4,4.4,"Annual country ranking and qualitative assessment of media freedom, journalist safety, political context, legal framework, economic pressures, and infrastructure."
Global,Global,Political,Varieties of Democracy Digital Society Project,https://www.v-dem.net/data/digital-society-project,EN,Global digital governance dataset,Academic,Website,,yes,5,5,3,5,5,5,5,4.6,"Expert-coded global data on online censorship, disinformation, social media, surveillance, internet shutdowns, digital media, and political manipulation."
Global,Global,Security,Armed Conflict Location and Event Data Project ACLED,https://acleddata.com,EN,Global conflict-event dataset,Independent,Website,,yes,4,5,5,5,5,5,3,4.6,"Near-real-time structured data on political violence, protests, armed actors, locations, dates, fatalities, event types, and conflict trends. ACLED covers Africa, South and Southeast Asia, MENA, Central Asia/Caucasus, and Eastern/Southeastern Europe. [213][214]"
Global,Global,Security,Uppsala Conflict Data Program UCDP,https://ucdp.uu.se/downloads,EN,Global armed-conflict dataset,Academic,Website,,yes,5,5,4,5,5,5,5,4.9,"Free CC BY datasets on state-based conflict, non-state conflict, one-sided violence, battle deaths, external support, peace agreements, conflict termination, and georeferenced events. [205]"
Global,Global,Security,UCDP Georeferenced Event Dataset GED,https://ucdp.uu.se/downloads,EN,Global geocoded conflict-event dataset,Academic,Website,,yes,5,5,4,5,5,5,4,4.7,"Structured event-level data on organized violence, locations, actors, fatalities, dates, conflict dyads, and spatial patterns; generally more conservative than ACLED in coding thresholds."
Global,Global,Security,UCDP One-sided Violence Dataset,https://ucdp.uu.se/downloads,EN,Global civilian-targeting dataset,Academic,Website,,yes,5,5,3,5,5,5,4,4.6,Cross-national dataset on intentional killing of civilians by governments and formally organized nonstate actors.
Global,Global,Security,Global Terrorism Database START GTD,https://www.start.umd.edu/gtd,EN,Global terrorism incident dataset,Academic,Website,,yes,5,5,3,5,5,5,4,4.6,"START’s structured terrorism incident database, covering perpetrators, targets, tactics, weapons, casualties, locations, and context; historical coverage and coding rules vary by period."
Global,Global,Security,International Terrorism: Attributes of Terrorist Events ITERATE,https://vinyardsoftware.com/iterate,EN,Global transnational terrorism dataset,Independent,Website,,yes,5,5,3,5,5,2,4,4.1,"Commercial structured dataset on transnational terrorist incidents, attacks, groups, targets, tactics, casualties, and international terrorism patterns."
Global,Global,Security,Correlates of War COW Project,https://correlatesofwar.org/data-sets,EN,Global international-relations dataset,Academic,Website,,yes,5,5,2,5,5,5,5,4.4,"Foundational international-relations datasets on interstate wars, militarized disputes, alliances, trade, national material capabilities, diplomatic exchange, territorial claims, and state-system membership."
Global,Global,Security,COW National Material Capabilities Dataset,https://correlatesofwar.org/data-sets/national-material-capabilities,EN,Global military capability dataset,Academic,Website,,yes,5,5,2,5,5,5,4,4.4,"Long-run annual data on military expenditure, personnel, iron and steel, energy, population, and composite national capability measures."
Global,Global,Security,SIPRI Military Expenditure Database,https://www.sipri.org/databases/milex,EN,Global military expenditure dataset,Independent,Website,,yes,5,5,4,5,5,5,3,4.6,"Annual defense spending estimates by country, constant and current prices, GDP and government-expenditure shares, with notes on sources and uncertainty."
Global,Global,Security,SIPRI Multilateral Peace Operations Database,https://www.sipri.org/databases/pko,EN,Global peacekeeping dataset,Independent,Website,,yes,5,5,3,5,5,5,4,4.6,"Structured data on peace operations, mandates, personnel, locations, participants, budgets, casualties, and mission characteristics."
Global,Global,Security,Global Terrorism Index,https://www.visionofhumanity.org/maps/global-terrorism-index,EN,Global terrorism index,Independent,Website,,yes,4,4,4,4,4,5,4,4.1,Institute for Economics and Peace annual terrorism-impact rankings and country profiles; use alongside START GTD and event data rather than as a standalone operational dataset.
Global,Global,Security,Global Peace Index,https://www.visionofhumanity.org/maps,EN,Global peace and security index,Independent,Website,,yes,4,4,3,4,4,5,4,3.9,"Institute for Economics and Peace comparative index of societal safety, domestic and international conflict, militarization, and peace indicators."
Global,Global,Security,Small Arms Survey Armed Violence Dataset,https://www.smallarmssurvey.org,EN,Global armed-violence research,Independent,Website,,yes,5,5,3,5,5,5,5,4.6,"Research, datasets, and analysis on small arms, armed violence, weapons flows, conflict, security, homicide, insurgency, and illicit firearms."
Global,Global,Security,Global Firearms Holdings Database,https://www.smallarmssurvey.org/database/global-firearms-holdings,EN,Global firearms dataset,Independent,Website,,yes,4,5,2,5,5,5,4,4.1,"Cross-national estimates of civilian firearms holdings, state stockpiles, ownership patterns, and weapons prevalence; estimates carry uncertainty."
Global,Global,Security,PRIO-GRID,https://www.prio.org/data,EN,Global geospatial security dataset,Academic,Website,,yes,5,5,3,5,5,5,5,4.6,"Spatiotemporal global grid with socioeconomic, environmental, political, demographic, and geographic covariates for conflict and security research. [206]"
Global,Global,Security,GEO-SVAC,https://www.prio.org/data,EN,Global sexual violence in conflict dataset,Academic,Website,,yes,5,5,3,5,5,5,5,4.6,PRIO/UCDP-related geocoded information on reported conflict-related sexual violence and armed actors’ use of sexual violence. [206]
Global,Global,Security,Global Terrorism and Political Violence Map GDELT,https://www.gdeltproject.org,EN,Global event-monitoring dataset,Independent,Website,,yes,3,5,5,4,3,5,3,4,"Near-real-time media-derived event and narrative data useful for alerting, trend analysis, entity mapping, and discovery; not direct incident confirmation."
Global,Global,Security,International Crisis Group CrisisWatch,https://www.crisisgroup.org/crisiswatch,EN,Global conflict-monitoring dataset,Independent,Website,,yes,5,5,5,5,5,5,5,5,"Monthly global conflict tracker with country-level updates, risk assessments, diplomatic developments, armed actors, escalation indicators, and concise analyst interpretation."
Global,Global,Security,Armed Conflict Survey IISS,https://www.iiss.org/publications/armed-conflict-survey,EN,Global conflict analysis dataset,Independent,Website,,no,5,5,4,5,5,2,5,4.4,"High-quality annual conflict analysis, armed actor profiles, regional strategic trends, and security assessments; publication access is commercial."
Global,Global,Security,Fragile States Index,https://fragilestatesindex.org,EN,Global fragility dataset,Independent,Website,,yes,4,4,3,5,5,5,4,4.1,"Annual comparative indicators of cohesion, economic, political, social, security, demographic, refugee, elite, and state legitimacy pressures."
Global,Global,Security,Global Organized Crime Index,https://ocindex.net,EN,Global organized-crime dataset,Independent,Website,,yes,5,5,3,5,5,5,5,4.6,"Global assessment of criminal markets, criminal actors, resilience, state capacity, organized-crime governance, and illicit-economy exposure."
Global,Global,Security,Global Initiative Against Transnational Organized Crime Observatory of Illicit Economies,https://globalinitiative.net,EN,Global illicit-economy research,Independent,Website,,yes,5,5,4,5,5,5,5,4.7,"High-value data and analysis on illicit markets, organized crime, armed groups, trafficking, maritime crime, environmental crime, criminal governance, and resilience."
Global,Global,Security,Arms Trade Treaty ATT Monitor,https://attmonitor.org,EN,Global arms-control dataset,Independent,Website,,yes,5,5,3,5,5,5,4,4.6,"Tracks Arms Trade Treaty implementation, national reports, transfer controls, diversion risks, transparency, arms-export policy, and compliance."
Global,Global,Security,Global Database of Events Language and Tone GDELT 2.1,https://www.gdeltproject.org,EN,Global media and event dataset,Independent,Website,,yes,3,5,5,4,3,5,3,4,"See GDELT entry; retain one consolidated row unless separating event records from text, television, image, and translation monitoring."
Global,Global,Humanitarian,UN OCHA Financial Tracking Service FTS,https://fts.unocha.org,EN,Global humanitarian finance dataset,International official,Website,,yes,5,5,5,5,5,5,2,4.4,"Near-real-time humanitarian funding flows, donors, recipients, appeals, requirements, allocations, sectors, and emergency financing."
Global,Global,Humanitarian,UNHCR Refugee Data Finder,https://www.unhcr.org/refugee-statistics,EN,Global forced-displacement dataset,International official,Website,,yes,5,5,5,5,5,5,2,4.4,"Global refugee, asylum seeker, stateless, internally displaced, resettlement, origin, host-country, and protection statistics."
Global,Global,Humanitarian,Internal Displacement Monitoring Centre IDMC,https://www.internal-displacement.org/database,EN,Global internal displacement dataset,Independent,Website,,yes,5,5,4,5,5,5,4,4.6,"Global disaster- and conflict-related internal displacement figures, trends, country profiles, drivers, risk, and event analysis."
Global,Global,Humanitarian,International Organization for Migration Displacement Tracking Matrix DTM,https://dtm.iom.int,EN,Global mobility and displacement dataset,International official,Website,,yes,5,5,5,5,5,5,3,4.6,"Operational mobility, displacement, migration flows, locations, needs, routes, camps, arrivals, and crisis-response data."
Global,Global,Humanitarian,WHO Global Health Observatory,https://www.who.int/data/gho,EN,Global health dataset,International official,Website,,yes,5,5,4,5,5,5,2,4.4,"Global health indicators on disease, mortality, health systems, vaccination, risk factors, reproductive health, pandemics, financing, and SDGs."
Global,Global,Humanitarian,WHO Disease Outbreak News,https://www.who.int/emergencies/disease-outbreak-news,EN,Global outbreak-monitoring source,International official,Website,,no,5,5,5,5,5,5,4,4.7,"Near-real-time official reports on significant disease outbreaks, public-health emergencies, pathogens, locations, response measures, and risk assessment."
Global,Global,Humanitarian,Global Health Security Index,https://ghsindex.org,EN,Global health-security dataset,Independent,Website,,yes,4,5,2,5,5,5,5,4.3,"Comparative assessment of prevention, detection, response, health system, norms, risk environment, and health-security capabilities; model and indicator assumptions should be reviewed."
Global,Global,Humanitarian,Our World in Data,https://ourworldindata.org,EN,Global research data platform,Independent,Website,,yes,5,5,5,5,5,5,4,4.9,"Highly accessible curated global data and visualizations on health, economy, poverty, conflict, energy, climate, education, population, democracy, technology, and development, with source links and downloadable data."
Global,Global,Humanitarian,UNdata,https://data.un.org,EN,Global UN statistical portal,International official,Website,,yes,5,5,4,5,5,5,2,4.4,"UN statistical portal aggregating roughly 60 million records across UN agencies, including migration, refugees, development assistance, demographics, trade, and social indicators. [203]"
Global,Global,Humanitarian,UN DESA World Population Prospects,https://population.un.org/wpp,EN,Global demographic dataset,International official,Website,,yes,5,5,3,5,5,5,3,4.4,"Global demographic estimates and projections for population, fertility, mortality, age structure, migration, dependency, and demographic change."
Global,Global,Humanitarian,UNICEF Data Warehouse,https://data.unicef.org,EN,Global children and development dataset,International official,Website,,yes,5,5,3,5,5,5,3,4.4,"Global child health, education, nutrition, protection, gender, WASH, poverty, displacement, and youth data."
Global,Global,Humanitarian,WorldPop,https://www.worldpop.org,EN,Global geospatial population dataset,Academic,Website,,yes,5,5,4,5,5,5,4,4.6,"High-resolution gridded population, demographics, settlement, urbanization, age, sex, poverty, and health-related geospatial data."
Global,Global,Humanitarian,Armed Conflict and Location Event Data ACLED,https://acleddata.com,EN,Global political violence dataset,Independent,Website,,yes,4,5,5,5,5,5,3,4.6,"See ACLED security entry; cross-list it under humanitarian work when modeling displacement, food insecurity, protection risk, and crisis response."
Global,Global,Environment,EM-DAT International Disaster Database,https://www.emdat.be,EN,Global disaster-event dataset,Academic,Website,,yes,5,5,4,5,5,5,3,4.6,"Global disaster events, deaths, people affected, economic damage, disaster types, locations, timing, and historical disaster trends."
Global,Global,Environment,DesInventar Sendai,https://www.desinventar.net,EN,Global disaster-loss dataset,International official,Website,,yes,5,5,4,5,5,5,3,4.6,"UNDRR-supported disaster loss and damage data, including localized events, deaths, housing, infrastructure, livelihoods, and hazard impacts."
Global,Global,Environment,UNEP World Environment Situation Room,https://wesr.unep.org,EN,Global environmental dataset,International official,Website,,yes,5,5,4,5,5,5,3,4.6,"Global environmental indicators, air, water, biodiversity, land, climate, ecosystems, pollution, resource use, and sustainability data."
Global,Global,Environment,World Resources Institute Climate Watch,https://www.climatewatchdata.org,EN,Global climate policy dataset,Independent,Website,,yes,5,5,4,5,5,5,4,4.7,"Global greenhouse-gas emissions, NDCs, climate targets, historical emissions, energy, land use, climate policy, and country climate-action data."
Global,Global,Environment,Global Carbon Project,https://globalcarbonproject.org,EN,Global carbon emissions dataset,Academic,Website,,yes,5,5,4,5,5,5,4,4.7,"Global carbon budgets, fossil emissions, land-use change, sinks, atmospheric concentration, national emissions, and climate trends."
Global,Global,Environment,EDGAR Emissions Database,https://edgar.jrc.ec.europa.eu,EN,Global greenhouse-gas dataset,International official,Website,,yes,5,5,3,5,5,5,3,4.4,"Global anthropogenic emissions by country, sector, gas, source, and time period; suitable for emissions inventories and comparative analysis."
Global,Global,Environment,Climate TRACE,https://climatetrace.org,EN,Global facility-level emissions dataset,Independent,Website,,yes,4,5,5,5,5,5,4,4.7,"Near-real-time and facility-level emissions estimates using satellites, remote sensing, machine learning, and other open data; estimates should be compared with official inventories."
Global,Global,Environment,Global Forest Watch,https://www.globalforestwatch.org,EN,Global forest-monitoring platform,Independent,Website,,yes,5,5,5,5,5,5,4,4.9,"Near-real-time forest cover loss, fires, concessions, protected areas, land use, commodity risk, biodiversity, and deforestation alerts using satellite data."
Global,Global,Environment,FAO Global Forest Resources Assessment FRA,https://www.fao.org/forest-resources-assessment,EN,Global forest dataset,International official,Website,,yes,5,5,2,5,5,5,3,4.3,"Periodic country-reported forest area, change, biodiversity, management, ownership, protection, carbon, and forestry data."
Global,Global,Environment,UN Biodiversity Lab,https://unbiodiversitylab.org,EN,Global biodiversity and geospatial dataset,International official,Website,,yes,5,5,4,5,5,5,4,4.7,"Global geospatial datasets on biodiversity, protected areas, ecosystem services, climate, land use, species, and conservation planning."
Global,Global,Environment,Aqueduct Water Risk Atlas,https://www.wri.org/aqueduct,EN,Global water-risk dataset,Independent,Website,,yes,5,5,4,5,5,5,4,4.7,"Global water stress, drought, flood, baseline water risk, aquifers, water quality, climate risk, and watershed indicators."
Global,Global,Environment,Global Landslide Catalog NASA,https://gpm.nasa.gov,EN,Global landslide dataset,International official,Website,,yes,4,5,4,5,5,5,3,4.4,"Global landslide events and rainfall triggers, using media reports and satellite/rainfall data; useful for hazard monitoring with known reporting bias."
Global,Global,Environment,NOAA Global Historical Climatology Network,https://www.ncei.noaa.gov,EN,Global climate observation dataset,International official,Website,,yes,5,5,5,5,5,5,2,4.4,"Global weather-station observations, temperature, precipitation, climate normals, extreme events, and historical meteorological records."
Global,Global,Environment,Copernicus Climate Change Service ERA5,https://climate.copernicus.eu,EN,Global reanalysis climate dataset,International official,Website,,yes,5,5,5,5,5,4,4,4.6,"Global hourly climate reanalysis, temperature, wind, precipitation, pressure, ocean, land, and atmospheric variables; technically demanding to use."
Global,Global,Environment,NASA FIRMS Fire Information for Resource Management System,https://firms.modaps.eosdis.nasa.gov,EN,Global active-fire dataset,International official,Website,,yes,5,5,5,5,5,5,2,4.4,"Near-real-time satellite active-fire and thermal anomaly data for wildfire, agriculture burning, conflict-related fires, industrial events, and environmental monitoring."
Global,Global,Technology,ITU Global Cybersecurity Index,https://www.itu.int,EN,Global cybersecurity capacity dataset,International official,Website,,yes,4,5,2,5,5,5,4,4.1,"Comparative country assessment of cybersecurity legal, technical, organizational, capacity-development, and international-cooperation measures."
Global,Global,Technology,National Cyber Security Index,https://ncsi.ega.ee,EN,Global cybersecurity readiness dataset,Independent,Website,,yes,4,5,4,5,5,5,4,4.4,"Continuously updated country-level indicators of cybersecurity capacity, digital-service protection, incident response, policy, resilience, and public information."
Global,Global,Technology,Freedom on the Net,https://freedomhouse.org/report/freedom-net,EN,Global internet freedom dataset,Independent,Website,,yes,4,5,3,5,5,5,4,4.3,"Annual country assessments of internet access, censorship, surveillance, online rights, digital repression, platform control, and online political environment."
Global,Global,Technology,Access Now KeepItOn Shutdown Tracker,https://www.accessnow.org/keepiton,EN,Global internet shutdown dataset,Independent,Website,,yes,5,5,5,5,5,5,4,4.7,"Near-real-time and historical tracking of internet shutdowns, social media blocking, network restrictions, state disruptions, and digital rights incidents."
Global,Global,Technology,OONI Explorer,https://explorer.ooni.org,EN,Global internet censorship dataset,Independent,Website,,yes,5,5,5,5,5,5,4,4.7,"Open measurement data on website blocking, DNS tampering, HTTP interference, app blocking, network performance, censorship, and online access restrictions."
Global,Global,Technology,Citizen Lab Research,https://citizenlab.ca,EN,Global cyber surveillance research,Academic,Website,,yes,5,5,4,5,5,5,5,4.9,"World-leading technical investigations of spyware, surveillance, censorship, digital forensics, transnational repression, platform security, and information operations."
Global,Global,Technology,Privacy International Data Exploitation Tracker,https://privacyinternational.org,EN,Global surveillance and data-rights research,Independent,Website,,yes,5,5,3,5,5,5,5,4.7,"Global research on surveillance, data exploitation, commercial spyware, biometric systems, policing technology, intelligence, and digital rights."
Global,Global,Technology,Global AI Index,https://www.tortoiseintelligence.com/global-ai-index,EN,Global AI capability index,Industry,Website,,yes,4,5,3,4,4,3,4,3.9,"Comparative assessment of national AI investment, innovation, implementation, talent, infrastructure, operating environment, and strategy; proprietary methodology and access limitations apply."
Global,Global,Technology,AI Index Report Dataset,https://aiindex.stanford.edu,EN,Global AI research dataset,Academic,Website,,yes,5,5,4,5,5,5,5,4.9,"Stanford Institute for Human-Centered AI global indicators on AI research, models, investment, compute, labor, policy, ethics, incidents, patents, and performance."
Global,Global,Technology,OECD AI Policy Observatory,https://oecd.ai,EN,Global AI policy dataset,International official,Website,,yes,5,5,4,5,5,5,4,4.7,"Global country policy data, AI strategies, incidents, research, talent, investment, regulation, governance, and AI policy instruments."
Global,Global,Technology,AI Incident Database,https://incidentdatabase.ai,EN,Global AI incidents dataset,Independent,Website,,yes,4,5,5,5,4,5,4,4.6,"Open database of reported AI incidents, harms, failures, safety events, discrimination, surveillance, misinformation, and misuse; reporting coverage is uneven."
Global,Global,Technology,Stanford Cyber Policy Center Cyber Incident Data,https://cyber.fsi.stanford.edu,EN,Global cyber incident research,Academic,Website,,yes,5,5,3,5,5,4,5,4.6,"Research datasets and analysis on cyber incidents, state behavior, cyber policy, influence operations, cyber norms, and national cybersecurity."
Global,Global,Technology,MIT Technology Review AI Policy and Compute Tracker,https://www.technologyreview.com,EN,Global technology policy monitoring,Industry,Website,,no,4,4,5,4,3,3,4,3.9,"Useful current-analysis source for AI policy, semiconductors, compute, regulation, technology competition, and industrial strategy; not a standardized quantitative dataset."
Global,Global,Geospatial,Google Open Buildings,https://sites.research.google/open-buildings,EN,Global building-footprint dataset,Industry,Website,,yes,4,5,3,5,5,5,2,4.1,"Global machine-learning-derived building footprints useful for settlement mapping, damage assessment, population estimates, infrastructure, and humanitarian analysis."
Global,Global,Geospatial,Microsoft Building Footprints,https://www.microsoft.com/en-us/maps/building-footprints,EN,Global building-footprint dataset,Industry,Website,,yes,4,5,3,5,5,5,2,4.1,"Machine-learning-derived building footprint data for multiple countries, useful for urban analysis, settlement mapping, infrastructure, and disaster response."
Global,Global,Geospatial,OpenAQ,https://openaq.org,EN,Global air-quality dataset,Independent,Website,,yes,4,5,5,5,5,5,2,4.3,"Global open air-quality measurements aggregated from governments, research networks, and other sources, including PM2.5, PM10, ozone, nitrogen dioxide, and sulfur dioxide."
Global,Global,Geospatial,OpenCelliD,https://opencellid.org,EN,Global cellular infrastructure dataset,Independent,Website,,yes,3,5,5,4,3,5,1,3.7,"Crowdsourced global cell-tower and cellular infrastructure database, useful for communications mapping and OSINT leads; validate coverage and accuracy locally."
Global,Global,Maritime,Automatic Identification System AIS Data via Global Fishing Watch,https://globalfishingwatch.org,EN,Global maritime tracking dataset,Independent,Website,,yes,4,5,5,5,5,5,4,4.7,"Use Global Fishing Watch’s public vessel and activity layer for accessible maritime OSINT; AIS is incomplete and susceptible to spoofing, manipulation, and gaps."
Global,Global,Maritime,UNCTAD Review of Maritime Transport Data,https://unctad.org/topic/transport-and-trade-logistics/review-of-maritime-transport,EN,Global maritime trade dataset,International official,Website,,yes,5,5,4,5,5,5,4,4.6,"Global shipping, fleet, port, freight, container, maritime trade, chokepoint, ownership, flag, and transport statistics."
Global,Global,Maritime,IMB Piracy Reporting Centre,https://www.icc-ccs.org/piracy-reporting-centre,EN,Global piracy incident dataset,Independent,Website,,yes,4,5,5,5,5,4,3,4.3,"Near-real-time and historical piracy, armed robbery at sea, vessel, location, incident, and maritime security reporting; some detail is restricted."
Global,Global,Maritime,MarineTraffic,https://www.marinetraffic.com,EN,Global vessel-tracking platform,Industry,Website,,yes,4,5,5,4,4,3,3,4,"Commercial AIS-based vessel tracking, port calls, vessel profiles, ownership-related data, and maritime movement intelligence; use raw signals cautiously."
Global,Global,Space and Satellite,USGS EarthExplorer,https://earthexplorer.usgs.gov,EN,Global satellite imagery archive,International official,Website,,yes,5,5,4,5,5,5,2,4.3,"Primary access point for Landsat, aerial imagery, elevation, radar, historical satellite imagery, and geospatial datasets; requires analytical processing."
Global,Global,Space and Satellite,Copernicus Data Space Ecosystem,https://dataspace.copernicus.eu,EN,Global satellite imagery platform,International official,Website,,yes,5,5,5,5,5,5,2,4.4,"European Earth-observation data, including Sentinel optical, radar, atmospheric, marine, land, climate, and emergency-monitoring products."
Global,Global,Space and Satellite,Planet Disaster Data Program,https://www.planet.com/disasterdata,EN,Global commercial satellite imagery,Industry,Website,,yes,5,5,5,4,5,2,3,4,"Commercial high-frequency satellite imagery for disaster, conflict, infrastructure, environmental, and humanitarian analysis; access is typically restricted or partner-based."
Global,Global,Space and Satellite,Sentinel Hub EO Browser,https://apps.sentinel-hub.com/eo-browser,EN,Global satellite analysis platform,Industry,Website,,yes,5,5,5,5,5,5,3,4.7,"Accessible interface for Sentinel, Landsat, MODIS, DEM, and other satellite imagery, useful for visual OSINT, change detection, fires, vegetation, and infrastructure analysis."
Global,Global,OSINT,Bellingcat,https://www.bellingcat.com,EN,Investigative OSINT collective,Independent,Website,,yes,5,5,4,5,5,5,5,4.9,"World-leading open-source investigations using imagery, geolocation, documents, social media, data, and digital forensics across conflict, corruption, state violence, extremism, aviation, and sanctions."
Global,Global,OSINT,Forensic Architecture,https://forensic-architecture.org,EN,Forensic investigation research agency,Academic,Website,,yes,5,5,4,5,5,5,5,4.9,"Advanced spatial, visual, architectural, satellite, audio, legal, and open-source investigations of state violence, conflict, borders, environmental harm, and human rights."
Global,Global,OSINT,OpenFacto,https://openfacto.fr,EN,Open-source investigation collective,Independent,Website,,yes,5,5,4,5,5,5,5,4.9,"Open-source investigations of weapons, conflict, military supply chains, sanctions, maritime activity, authoritarianism, and corporate/state networks."
Global,Global,OSINT,Oryx,https://www.oryxspioenkop.com,EN,Visual military-loss dataset,Independent,Website,,yes,4,5,5,5,5,5,2,4.3,"Visually confirmed military equipment-loss tracking, particularly valuable for Russia-Ukraine and other conflicts; rigorous evidence requirement makes totals an undercount."
Global,Global,OSINT,Live Universal Awareness Map Liveuamap,https://liveuamap.com,EN,OSINT event map,Independent,Website,,yes,3,5,5,3,3,5,2,3.7,"Near-real-time map aggregating conflict, protest, security, and emergency reports; useful for alerts and discovery, requiring source-level verification."
Global,Global,OSINT,Open Source Munitions Portal Oryx Archive,https://www.oryxspioenkop.com,EN,Weapons and military OSINT,Independent,Website,,yes,4,5,4,5,5,5,3,4.4,"Use Oryx’s documented visual databases and archive pages rather than duplicate source entries for each campaign, theater, or equipment type."
Global,Global,Human Rights,Political Terror Scale,https://www.politicalterrorscale.org,EN,Global repression dataset,Academic,Website,,yes,4,5,2,5,5,5,4,4.1,"Annual country-level coding of state terror, political imprisonment, torture, extrajudicial killing, disappearance, and repression based on human-rights reports."
Global,Global,Human Rights,CIRI Human Rights Data Project Archive,https://humanrightsdata.com,EN,Global human-rights dataset,Academic archive,Website,,yes,4,5,1,5,5,4,4,3.9,"Historical annual data on government respect for internationally recognized rights, covering roughly 200 countries through 2011; archival, not current."
Global,Global,Human Rights,Human Rights Measurement Initiative HRMI,https://humanrightsmeasurement.org,EN,Global human-rights dataset,Independent,Website,,yes,5,5,3,5,5,5,5,4.6,"Comparative data on civil, political, economic, social, and cultural rights, including expert surveys, income-adjusted benchmarks, and rights conditions."
Global,Global,Human Rights,CIVICUS Monitor,https://monitor.civicus.org,EN,Global civic-space dataset,Independent,Website,,yes,5,5,4,5,5,5,4,4.6,"Near-current country assessments of civic space, protest, association, assembly, speech, civil society, digital rights, and repression."
Global,Global,Human Rights,Global Database on Violence Against Women,https://evaw-global-database.unwomen.org,EN,Global gender violence dataset,International official,Website,,yes,5,5,3,5,5,5,4,4.4,"UN Women legal, policy, prevalence, institutional, and country information on violence against women and gender-based violence."
Global,Global,Human Rights,Walk Free Global Slavery Index,https://www.walkfree.org/global-slavery-index,EN,Global forced-labor dataset,Independent,Website,,yes,4,5,2,5,5,5,4,4.1,"Cross-country estimates and analysis of forced labor, forced marriage, modern slavery, vulnerability, government response, and supply-chain risk; modeled estimates should be treated cautiously."
Global,Global,Human Rights,Minorities at Risk MAR Project,https://www.mar.umd.edu,EN,Global minority conflict dataset,Academic,Website,,yes,5,5,1,5,5,5,5,4.4,"Historical comparative data on politically active ethnic groups, discrimination, mobilization, protest, rebellion, autonomy, and state-group relations."
Global,Global,Human Rights,Ethnic Power Relations EPR Dataset,https://ethnicpowerrelations.org,EN,Global ethnic politics dataset,Academic,Website,,yes,5,5,2,5,5,5,5,4.4,"Global data on ethnic groups’ access to executive power, exclusion, autonomy, political status, conflict, and state-group relations."
Global,Global,Science and Research,OpenAlex,https://openalex.org,EN,Global scholarly metadata dataset,Independent,Website,,yes,5,5,5,5,5,5,2,4.4,"Open global scholarly graph of works, authors, institutions, concepts, citations, funders, and publication metadata, useful for research mapping and technology analysis."
Global,Global,Science and Research,Crossref Metadata API,https://api.crossref.org,EN,Global scholarly metadata dataset,Independent,Website,,yes,5,5,5,5,5,5,1,4.3,"Global DOI-linked publication metadata, publishers, citations, funders, licenses, dates, and scholarly records."
Global,Global,Science and Research,OpenSanctions Research Data,https://www.opensanctions.org,EN,Global sanctions and entity data,Independent,Website,,yes,4,5,5,5,5,5,3,4.6,"See security entry; useful also for academic research on sanctions, elite networks, companies, political exposure, and illicit finance."
Global,Global,Research Infrastructure,PRIO Data,https://www.prio.org/data,EN,Global peace-research repository,Academic,Website,,yes,5,5,3,5,5,5,5,4.6,"Repository of PRIO datasets and replication material, including corruption, peacebuilding, conflict, geospatial, sexual violence, armed groups, and peace organization data. [206]"
Global,Global,Research Infrastructure,Harvard Dataverse,https://dataverse.harvard.edu,EN,Global research repository,Academic,Website,,yes,4,5,5,5,5,5,3,4.6,"Large open repository for academic datasets, code, replication packages, social science, conflict, political, economic, health, and humanitarian research; vet dataset-specific methods."
Global,Global,Research Infrastructure,World Bank Microdata Library,https://microdata.worldbank.org,EN,Global survey microdata repository,International official,Website,,yes,5,5,4,5,5,5,4,4.7,"Household, enterprise, labor, health, education, poverty, agriculture, social, and development survey microdata from the World Bank and partners."
Global,Global,Research Infrastructure,International Relations Data Program ICPSR,https://www.icpsr.umich.edu,EN,Global research data repository,Academic,Website,,yes,5,5,4,5,5,3,4,4.4,"Major social-science data repository with political, economic, public opinion, conflict, health, demographic, governance, and survey datasets; some materials require institutional access."
